"0x7ffbbf4a1b00","      LDC R1, c[0x0][0x37c]","3","3","3","896","28672","28672","32","32","0","0","0","-","-","-","0","0","0","0","0","0","0","0","-","0","0","0","0","0","0","0","0","0","0","0","0","0","0","0","0","0","0","0","0","0","0","3","0","0","0","0","0","0","0","0","0","0","0","0","0","0","0","0","3"
"0x7ffbbf4a1b10","      LDCU.64 UR26, c[0x0][0x1600]","0","0","0","896","28672","28672","32","32","0","0","0","-","-","-","0","0","0","0","0","0","0","0","-","0","0","0","0","0","0","0","0","0","0","0","0","0","0","0","0","0","0","0","0","0","0","0","0","0","0","0","0","0","0","0","0","0","0","0","0","0","0","0","0"
"0x7ffbbf4a1b40","      LDCU UR6, c[0x0][0xc0c]","0","0","0","896","28672","28672","32","32","0","0","0","-","-","-","0","0","0","0","0","0","0","0","-","0","0","0","0","0","0","0","0","0","0","0","0","0","0","0","0","0","0","0","0","0","0","0","0","0","0","0","0","0","0","0","0","0","0","0","0","0","0","0","0"
"0x7ffbbf4a1b90","      UISETP.NE.U32.AND UP0, UPT, UR26, URZ, UPT","9","9","9","896","28672","28672","32","32","0","0","0","-","-","-","0","0","0","0","0","0","0","0","-","0","0","0","0","0","0","0","0","0","0","0","0","0","0","0","0","0","0","0","9","0","0","0","0","0","0","0","0","0","0","0","0","0","0","0","0","9","0","0","0"
"0x7ffbbf4a1bb0","      LDC.64 R46, c[0x0][0x1370]","0","0","0","896","28672","28672","32","32","0","0","0","-","-","-","0","0","0","0","0","0","0","0","-","0","0","0","0","0","0","0","0","0","0","0","0","0","0","0","0","0","0","0","0","0","0","0","0","0","0","0","0","0","0","0","0","0","0","0","0","0","0","0","0"
"0x7ffbbf4a1bc0","      UISETP.NE.AND.EX UP0, UPT, UR27, URZ, UPT, UP0","0","0","0","896","28672","28672","32","32","0","0","0","-","-","-","0","0","0","0","0","0","0","0","-","0","0","0","0","0","0","0","0","0","0","0","0","0","0","0","0","0","0","0","0","0","0","0","0","0","0","0","0","0","0","0","0","0","0","0","0","0","0","0","0"
"0x7ffbbf4a1cf0","      LDCU.128 UR40, c[0x0][0xc10]","0","0","0","896","28672","28672","32","32","0","0","0","-","-","-","0","0","0","0","0","0","0","0","-","0","0","0","0","0","0","0","0","0","0","0","0","0","0","0","0","0","0","0","0","0","0","0","0","0","0","0","0","0","0","0","0","0","0","0","0","0","0","0","0"
"0x7ffbbf4a1d10","      BRA.U !UP0, 0x7ffbbf4a1df0","0","0","0","896","28672","28672","32","32","0","0","0","-","-","-","0","0","0","0","0","0","0","0","-","0","0","0","0","0","0","0","0","0","0","0","0","0","0","0","0","0","0","0","0","0","0","0","0","0","0","0","0","0","0","0","0","0","0","0","0","0","0","0","0"
"0x7ffbbf4a1d20","      ISETP.NE.U32.AND P0, PT, RZ, UR24, PT","11","11","11","896","28672","28672","32","32","0","0","0","-","-","-","0","0","0","0","0","0","0","0","-","0","0","0","0","0","0","0","0","0","0","0","0","0","0","0","0","0","0","0","11","0","0","0","0","0","0","0","0","0","0","0","0","0","0","0","0","11","0","0","0"
"0x7ffbbf4a1d30","      ISETP.NE.AND.EX P0, PT, RZ, UR25, PT, P0","1","0","1","896","28672","28672","32","32","0","0","0","-","-","-","0","0","0","0","0","0","0","0","-","0","0","0","0","0","0","0","0","0","0","0","0","0","0","0","0","0","0","0","0","0","0","1","0","0","0","0","0","0","0","0","0","0","0","0","0","0","0","0","0"
"0x7ffbbf4a1d50","@!P0  FSETP.NEU.AND P1, PT, R6, RZ, PT","3","3","3","896","28672","28672","32","32","0","0","0","-","-","-","0","0","0","0","0","0","0","0","-","0","0","0","0","0","0","0","0","0","0","0","0","0","0","0","0","0","0","0","3","0","0","0","0","0","0","0","0","0","0","0","0","0","0","0","0","3","0","0","0"
"0x7ffbbf4a1d60","@!P0  BRA 0x7ffbbf4a1de0","0","0","0","896","28672","28672","32","32","0","0","0","-","-","-","0","0","0","0","0","0","0","0","-","0","0","0","0","0","0","0","0","0","0","0","0","0","0","0","0","0","0","0","0","0","0","0","0","0","0","0","0","0","0","0","0","0","0","0","0","0","0","0","0"
"0x7ffbbf4a1d80","      ISETP.NE.AND P1, PT, R0, 0x1, PT","0","0","0","0","0","0","0","0","0","32","0","-","-","-","0","0","0","0","0","0","0","0","-","0","0","0","0","0","0","0","0","0","0","0","0","0","0","0","0","0","0","0","0","0","0","0","0","0","0","0","0","0","0","0","0","0","0","0","0","0","0","0","0"
"0x7ffbbf4a1dc0","      LDG.E R0, desc[UR32][R6.64]","0","0","0","0","0","0","0","0","0","32","0","","","","0","0","0","0","0","0","0","0","","0","0","0","0","0","0","0","0","0","0","0","0","0","0","0","0","0","0","0","0","0","0","0","0","0","0","0","0","0","0","0","0","0","0","0","0","0","0","0","0"
"0x7ffbbf4a1df0","      S2R R48, SR_TID.X","1","0","1","896","28672","28672","32","32","32","0","0","-","-","-","0","0","0","0","0","0","0","0","-","0","0","0","0","0","0","0","0","0","0","0","0","0","0","0","0","0","0","1","0","0","0","0","0","0","0","0","0","0","0","0","0","0","0","0","0","0","0","0","0"
"0x7ffbbf4a1e00","      S2UR UR20, SR_CgaCtaId","0","0","0","896","28672","28672","32","32","0","0","0","-","-","-","0","0","0","0","0","0","0","0","-","0","0","0","0","0","0","0","0","0","0","0","0","0","0","0","0","0","0","0","0","0","0","0","0","0","0","0","0","0","0","0","0","0","0","0","0","0","0","0","0"
"0x7ffbbf4a1e20","      ELECT P6, URZ, PT","0","0","0","896","28672","28672","32","32","0","0","0","-","-","-","0","0","0","0","0","0","0","0","-","0","0","0","0","0","0","0","0","0","0","0","0","0","0","0","0","0","0","0","0","0","0","0","0","0","0","0","0","0","0","0","0","0","0","0","0","0","0","0","0"
"0x7ffbbf4a1e40","      CS2R.32 R8, SR_CgaSize","0","0","0","896","28672","28672","32","32","0","0","0","-","-","-","0","0","0","0","0","0","0","0","-","0","0","0","0","0","0","0","0","0","0","0","0","0","0","0","0","0","0","0","0","0","0","0","0","0","0","0","0","0","0","0","0","0","0","0","0","0","0","0","0"
"0x7ffbbf4a1e50","      IMAD R8, R8, -0xa0, RZ","0","0","0","896","28672","28672","32","32","0","0","0","-","-","-","0","0","0","0","0","0","0","0","-","0","0","0","0","0","0","0","0","0","0","0","0","0","0","0","0","0","0","0","0","0","0","0","0","0","0","0","0","0","0","0","0","0","0","0","0","0","0","0","0"
"0x7ffbbf4a1e60","      R2UR UR7, R8","0","0","0","896","28672","28672","32","32","0","0","0","-","-","-","0","0","0","0","0","0","0","0","-","0","0","0","0","0","0","0","0","0","0","0","0","0","0","0","0","0","0","0","0","0","0","0","0","0","0","0","0","0","0","0","0","0","0","0","0","0","0","0","0"
"0x7ffbbf4a1ec0","      ULOP3.LUT UR25, UR20, 0x1, URZ, 0xc0, !UPT","0","0","0","896","28672","28672","32","32","0","0","0","-","-","-","0","0","0","0","0","0","0","0","-","0","0","0","0","0","0","0","0","0","0","0","0","0","0","0","0","0","0","0","0","0","0","0","0","0","0","0","0","0","0","0","0","0","0","0","0","0","0","0","0"
"0x7ffbbf4a1ee0","      SHF.R.U32.HI R8, RZ, 0x5, R48","0","0","0","896","28672","28672","32","32","0","0","0","-","-","-","0","0","0","0","0","0","0","0","-","0","0","0","0","0","0","0","0","0","0","0","0","0","0","0","0","0","0","0","0","0","0","0","0","0","0","0","0","0","0","0","0","0","0","0","0","0","0","0","0"
"0x7ffbbf4a1ef0","      SHFL.IDX PT, R0, R8, RZ, 0x1f","0","0","0","896","28672","28672","32","32","0","0","0","-","-","-","0","0","0","0","0","0","0","0","-","0","0","0","0","0","0","0","0","0","0","0","0","0","0","0","0","0","0","0","0","0","0","0","0","0","0","0","0","0","0","0","0","0","0","0","0","0","0","0","0"
"0x7ffbbf4a1f90","      IMAD.U32 R0, RZ, RZ, UR21","0","0","0","896","28672","28672","32","32","0","0","0","-","-","-","0","0","0","0","0","0","0","0","-","0","0","0","0","0","0","0","0","0","0","0","0","0","0","0","0","0","0","0","0","0","0","0","0","0","0","0","0","0","0","0","0","0","0","0","0","0","0","0","0"
"0x7ffbbf4a1fa0","      UISETP.NE.AND UP0, UPT, UR4, UR11, UPT","0","0","0","896","28672","28672","32","32","0","0","0","-","-","-","0","0","0","0","0","0","0","0","-","0","0","0","0","0","0","0","0","0","0","0","0","0","0","0","0","0","0","0","0","0","0","0","0","0","0","0","0","0","0","0","0","0","0","0","0","0","0","0","0"
"0x7ffbbf4a1fb0","      BSSY.RECONVERGENT B0, 0x7ffbbf4a2180","0","0","0","896","28672","28672","32","32","0","0","0","-","-","-","0","0","0","0","0","0","0","0","-","0","0","0","0","0","0","0","0","0","0","0","0","0","0","0","0","0","0","0","0","0","0","0","0","0","0","0","0","0","0","0","0","0","0","0","0","0","0","0","0"
"0x7ffbbf4a1fc0","      UMOV UR70, 0xc80","0","0","0","896","28672","28672","32","32","0","0","0","-","-","-","0","0","0","0","0","0","0","0","-","0","0","0","0","0","0","0","0","0","0","0","0","0","0","0","0","0","0","0","0","0","0","0","0","0","0","0","0","0","0","0","0","0","0","0","0","0","0","0","0"
"0x7ffbbf4a1fe0","      ISETP.NE.OR P1, PT, R0, 0x1, !P6","0","0","0","896","28672","28672","32","32","0","0","0","-","-","-","0","0","0","0","0","0","0","0","-","0","0","0","0","0","0","0","0","0","0","0","0","0","0","0","0","0","0","0","0","0","0","0","0","0","0","0","0","0","0","0","0","0","0","0","0","0","0","0","0"
"0x7ffbbf4a1ff0","      UISETP.EQ.AND UP0, UPT, UR7, UR10, !UP0","0","0","0","896","28672","28672","32","32","0","0","0","-","-","-","0","0","0","0","0","0","0","0","-","0","0","0","0","0","0","0","0","0","0","0","0","0","0","0","0","0","0","0","0","0","0","0","0","0","0","0","0","0","0","0","0","0","0","0","0","0","0","0","0"
"0x7ffbbf4a2030","      USEL UR70, UR70, 0x980, UP0","0","0","0","896","28672","28672","32","32","0","0","0","-","-","-","0","0","0","0","0","0","0","0","-","0","0","0","0","0","0","0","0","0","0","0","0","0","0","0","0","0","0","0","0","0","0","0","0","0","0","0","0","0","0","0","0","0","0","0","0","0","0","0","0"
"0x7ffbbf4a20b0","      UIADD3.64 UR22, UR14, UR10, URZ","0","0","0","112","112","112","1","1","0","31","0","-","-","-","0","0","0","0","0","0","0","0","-","0","0","0","0","0","0","0","0","0","0","0","0","0","0","0","0","0","0","0","0","0","0","0","0","0","0","0","0","0","0","0","0","0","0","0","0","0","0","0","0"
"0x7ffbbf4a20f0","      UTMACCTL.PF [UR22]","0","0","0","112","112","112","1","1","0","31","0","-","-","-","0","0","0","0","0","0","0","0","-","0","0","0","0","0","0","0","0","0","0","0","0","0","0","0","0","0","0","0","0","0","0","0","0","0","0","0","0","0","0","0","0","0","0","0","0","0","0","0","0"
"0x7ffbbf4a2160","      NOP","0","0","0","112","112","112","1","1","0","31","0","-","-","-","0","0","0","0","0","0","0","0","-","0","0","0","0","0","0","0","0","0","0","0","0","0","0","0","0","0","0","0","0","0","0","0","0","0","0","0","0","0","0","0","0","0","0","0","0","0","0","0","0"
"0x7ffbbf4a2170","      BSYNC.RECONVERGENT B0","0","0","0","1008","28672","28672","28","28","27","4","0","-","-","-","0","0","0","0","0","0","0","0","-","0","0","0","0","0","0","0","0","0","0","0","0","0","0","0","0","0","0","0","0","0","0","0","0","0","0","0","0","0","0","0","0","0","0","0","0","0","0","0","0"
"0x7ffbbf4a21b0","      UIADD3 UR14, UP1, UR10, 0x1040, URZ","1","1","1","112","112","112","1","1","0","31","0","-","-","-","0","0","0","0","0","0","0","0","-","0","0","0","0","0","0","0","0","0","0","0","0","0","0","0","0","0","0","0","1","0","0","0","0","0","0","0","0","0","0","0","0","0","0","0","0","1","0","0","0"
"0x7ffbbf4a21d0","      UIADD3.X UR15, URZ, UR11, URZ, UP1, !UPT","0","0","0","112","112","112","1","1","0","31","0","-","-","-","0","0","0","0","0","0","0","0","-","0","0","0","0","0","0","0","0","0","0","0","0","0","0","0","0","0","0","0","0","0","0","0","0","0","0","0","0","0","0","0","0","0","0","0","0","0","0","0","0"
"0x7ffbbf4a2270","      LOP3.LUT R10, R48, 0x1f, RZ, 0xc0, !PT","0","0","0","896","28672","28672","32","32","0","0","0","-","-","-","0","0","0","0","0","0","0","0","-","0","0","0","0","0","0","0","0","0","0","0","0","0","0","0","0","0","0","0","0","0","0","0","0","0","0","0","0","0","0","0","0","0","0","0","0","0","0","0","0"
"0x7ffbbf4a22a0","      UIMAD UR17, UR7, UR4, URZ","0","0","0","896","28672","28672","32","32","0","0","0","-","-","-","0","0","0","0","0","0","0","0","-","0","0","0","0","0","0","0","0","0","0","0","0","0","0","0","0","0","0","0","0","0","0","0","0","0","0","0","0","0","0","0","0","0","0","0","0","0","0","0","0"
"0x7ffbbf4a22b0","      ISETP.GT.U32.AND P0, PT, R10, 0x6, PT","0","0","0","896","28672","28672","32","32","0","0","0","-","-","-","0","0","0","0","0","0","0","0","-","0","0","0","0","0","0","0","0","0","0","0","0","0","0","0","0","0","0","0","0","0","0","0","0","0","0","0","0","0","0","0","0","0","0","0","0","0","0","0","0"
"0x7ffbbf4a22c0","      IMAD.SHL.U32 R2, R48, 0x8, RZ","1","0","1","896","28672","28672","32","32","0","0","0","-","-","-","0","0","0","0","0","0","0","0","-","0","0","0","0","0","0","0","0","0","0","0","0","0","0","0","0","0","0","1","0","0","0","0","0","0","0","0","0","0","0","0","0","0","0","0","0","0","0","0","0"
"0x7ffbbf4a22e0","      IMAD.MOV.U32 R12, RZ, RZ, 0x1","0","0","0","896","28672","28672","32","32","0","0","0","-","-","-","0","0","0","0","0","0","0","0","-","0","0","0","0","0","0","0","0","0","0","0","0","0","0","0","0","0","0","0","0","0","0","0","0","0","0","0","0","0","0","0","0","0","0","0","0","0","0","0","0"
"0x7ffbbf4a2300","      ULEA UR43, UR20, UR43, 0x18","0","0","0","896","28672","28672","32","32","0","0","0","-","-","-","0","0","0","0","0","0","0","0","-","0","0","0","0","0","0","0","0","0","0","0","0","0","0","0","0","0","0","0","0","0","0","0","0","0","0","0","0","0","0","0","0","0","0","0","0","0","0","0","0"
"0x7ffbbf4a23c0","@!P0  LEA.HI R6, R6, UR7, RZ, 0x1","7","7","7","896","28672","784","32","0","32","32","0","-","-","-","0","0","0","0","0","0","0","0","-","0","0","0","0","0","0","0","0","0","0","0","0","0","0","0","0","0","0","0","7","0","0","0","0","0","0","0","0","0","0","0","0","0","0","0","0","7","0","0","0"
"0x7ffbbf4a23d0","@!P0  IADD3 R12, -R12, 0x100000, RZ","0","0","0","896","28672","784","32","0","0","32","0","-","-","-","0","0","0","0","0","0","0","0","-","0","0","0","0","0","0","0","0","0","0","0","0","0","0","0","0","0","0","0","0","0","0","0","0","0","0","0","0","0","0","0","0","0","0","0","0","0","0","0","0"
"0x7ffbbf4a23e0","@!P0  SHF.L.U32 R13, R12, 0xb, RZ","0","0","0","896","28672","784","32","0","0","32","0","-","-","-","0","0","0","0","0","0","0","0","-","0","0","0","0","0","0","0","0","0","0","0","0","0","0","0","0","0","0","0","0","0","0","0","0","0","0","0","0","0","0","0","0","0","0","0","0","0","0","0","0"
"0x7ffbbf4a2410","@!P0  LEA.HI.SX32 R6, R6, UR4, 0x1f","0","0","0","896","28672","784","32","0","0","32","0","-","-","-","0","0","0","0","0","0","0","0","-","0","0","0","0","0","0","0","0","0","0","0","0","0","0","0","0","0","0","0","0","0","0","0","0","0","0","0","0","0","0","0","0","0","0","0","0","0","0","0","0"
"0x7ffbbf4a2430","@!P0  STS.64 [R7+UR43], R12","0","0","0","896","28672","784","32","0","32","32","0","Shared","Store","64","0","0","0","112","112","0","0","0","-","0","0","0","0","0","0","0","0","0","0","0","0","0","0","0","0","0","0","0","0","0","0","0","0","0","0","0","0","0","0","0","0","0","0","0","0","0","0","0","0"
"0x7ffbbf4a2440","@!P0  VIADD R6, R6, 0xffffffff","0","0","0","896","28672","784","32","0","0","32","0","-","-","-","0","0","0","0","0","0","0","0","-","0","0","0","0","0","0","0","0","0","0","0","0","0","0","0","0","0","0","0","0","0","0","0","0","0","0","0","0","0","0","0","0","0","0","0","0","0","0","0","0"
"0x7ffbbf4a24e0","      FENCE.VIEW.ASYNC.S","0","0","0","896","28672","28672","32","32","32","0","0","-","-","-","0","0","0","0","0","0","0","0","-","0","0","0","0","0","0","0","0","0","0","0","0","0","0","0","0","0","0","0","0","0","0","0","0","0","0","0","0","0","0","0","0","0","0","0","0","0","0","0","0"
"0x7ffbbf4a24f0","      SYNCS.CCTL.IVALL","0","0","0","896","28672","28672","32","32","0","0","0","-","-","-","0","0","0","0","0","0","0","0","-","0","0","0","0","0","0","0","0","0","0","0","0","0","0","0","0","0","0","0","0","0","0","0","0","0","0","0","0","0","0","0","0","0","0","0","0","0","0","0","0"
"0x7ffbbf4a2520","      PLOP3.LUT P6, PT, P6, PT, UP0, 0x80, 0x8","0","0","0","896","28672","28672","32","32","0","0","0","-","-","-","0","0","0","0","0","0","0","0","-","0","0","0","0","0","0","0","0","0","0","0","0","0","0","0","0","0","0","0","0","0","0","0","0","0","0","0","0","0","0","0","0","0","0","0","0","0","0","0","0"
"0x7ffbbf4a2530","      UISETP.GE.AND UP0, UPT, UR17, 0x2, UPT","0","0","0","896","28672","28672","32","32","0","0","0","-","-","-","0","0","0","0","0","0","0","0","-","0","0","0","0","0","0","0","0","0","0","0","0","0","0","0","0","0","0","0","0","0","0","0","0","0","0","0","0","0","0","0","0","0","0","0","0","0","0","0","0"
"0x7ffbbf4a28e0","      UISETP.EQ.U32.AND UP0, UPT, UR5, 0x1, UPT","0","0","0","896","28672","28672","32","32","0","0","0","-","-","-","0","0","0","0","0","0","0","0","-","0","0","0","0","0","0","0","0","0","0","0","0","0","0","0","0","0","0","0","0","0","0","0","0","0","0","0","0","0","0","0","0","0","0","0","0","0","0","0","0"
"0x7ffbbf4a2900","      UCGABAR_ARV","1","1","1","896","28672","28672","32","32","0","0","0","-","-","-","0","0","0","0","0","0","0","0","-","0","0","0","0","0","0","0","0","0","0","0","0","0","0","0","0","0","0","0","0","0","0","1","0","0","0","0","0","0","0","0","0","0","0","0","0","0","0","0","1"
"0x7ffbbf4a2940","      BAR.SYNC.DEFER_BLOCKING 0x0","0","0","0","0","0","0","0","0","0","32","0","-","-","-","0","0","0","0","0","0","0","0","-","0","0","0","0","0","0","0","0","0","0","0","0","0","0","0","0","0","0","0","0","0","0","0","0","0","0","0","0","0","0","0","0","0","0","0","0","0","0","0","0"
"0x7ffbbf4a2980","      I2F.U32.RP R7, UR7","0","0","0","896","28672","28672","32","32","0","0","0","-","-","-","0","0","0","0","0","0","0","0","-","0","0","0","0","0","0","0","0","0","0","0","0","0","0","0","0","0","0","0","0","0","0","0","0","0","0","0","0","0","0","0","0","0","0","0","0","0","0","0","0"
"0x7ffbbf4a29d0","      ULEA.HI UR30, UR30, UR30, URZ, 0x1","0","0","0","896","28672","28672","32","32","0","0","0","-","-","-","0","0","0","0","0","0","0","0","-","0","0","0","0","0","0","0","0","0","0","0","0","0","0","0","0","0","0","0","0","0","0","0","0","0","0","0","0","0","0","0","0","0","0","0","0","0","0","0","0"
"0x7ffbbf4a2a20","      USHF.R.S32.HI UR53, URZ, 0x1, UR30","1","0","1","896","28672","28672","32","32","0","0","0","-","-","-","0","0","0","0","0","0","0","0","-","0","0","0","0","0","0","0","0","0","0","0","0","0","0","0","0","0","0","1","0","0","0","0","0","0","0","0","0","0","0","0","0","0","0","0","0","0","0","0","0"
"0x7ffbbf4a2a50","      MUFU.RCP R7, R7","0","0","0","896","28672","28672","32","32","0","0","0","-","-","-","0","0","0","0","0","0","0","0","-","0","0","0","0","0","0","0","0","0","0","0","0","0","0","0","0","0","0","0","0","0","0","0","0","0","0","0","0","0","0","0","0","0","0","0","0","0","0","0","0"
"0x7ffbbf4a2aa0","      USHF.R.U32.HI UR52, URZ, 0x1, UR20","0","0","0","896","28672","28672","32","32","0","0","0","-","-","-","0","0","0","0","0","0","0","0","-","0","0","0","0","0","0","0","0","0","0","0","0","0","0","0","0","0","0","0","0","0","0","0","0","0","0","0","0","0","0","0","0","0","0","0","0","0","0","0","0"
"0x7ffbbf4a2ab0","      USHF.L.U32 UR41, UR41, UR7, URZ","1","0","1","896","28672","28672","32","32","0","0","0","-","-","-","0","0","0","0","0","0","0","0","-","0","0","0","0","0","0","0","0","0","0","0","0","0","0","0","0","0","1","0","0","0","0","0","0","0","0","0","0","0","0","0","0","0","0","0","0","0","0","0","0"
"0x7ffbbf4a2ac0","      IABS R0, R3","0","0","0","896","28672","28672","32","32","0","0","0","-","-","-","0","0","0","0","0","0","0","0","-","0","0","0","0","0","0","0","0","0","0","0","0","0","0","0","0","0","0","0","0","0","0","0","0","0","0","0","0","0","0","0","0","0","0","0","0","0","0","0","0"
"0x7ffbbf4a2b70","      F2I.FTZ.U32.TRUNC.NTZ R7, R7","0","0","0","896","28672","28672","32","32","0","0","0","-","-","-","0","0","0","0","0","0","0","0","-","0","0","0","0","0","0","0","0","0","0","0","0","0","0","0","0","0","0","0","0","0","0","0","0","0","0","0","0","0","0","0","0","0","0","0","0","0","0","0","0"
"0x7ffbbf4a2be0","      I2F.RP R0, UR26","0","0","0","896","28672","28672","32","32","0","0","0","-","-","-","0","0","0","0","0","0","0","0","-","0","0","0","0","0","0","0","0","0","0","0","0","0","0","0","0","0","0","0","0","0","0","0","0","0","0","0","0","0","0","0","0","0","0","0","0","0","0","0","0"
"0x7ffbbf4a2d20","      IMAD.MOV R0, RZ, RZ, -R3","0","0","0","896","28672","28672","32","32","0","0","0","-","-","-","0","0","0","0","0","0","0","0","-","0","0","0","0","0","0","0","0","0","0","0","0","0","0","0","0","0","0","0","0","0","0","0","0","0","0","0","0","0","0","0","0","0","0","0","0","0","0","0","0"
"0x7ffbbf4a2d90","      UIMAD.WIDE.U32 UR48, UR51, UR48, UR50","0","0","0","896","28672","28672","32","32","0","0","0","-","-","-","0","0","0","0","0","0","0","0","-","0","0","0","0","0","0","0","0","0","0","0","0","0","0","0","0","0","0","0","0","0","0","0","0","0","0","0","0","0","0","0","0","0","0","0","0","0","0","0","0"
"0x7ffbbf4a2ee0","      UISETP.GT.U32.AND UP0, UPT, UR26, UR23, UPT","0","0","0","896","28672","28672","32","32","0","0","0","-","-","-","0","0","0","0","0","0","0","0","-","0","0","0","0","0","0","0","0","0","0","0","0","0","0","0","0","0","0","0","0","0","0","0","0","0","0","0","0","0","0","0","0","0","0","0","0","0","0","0","0"
"0x7ffbbf4a2f50","      UISETP.GE.U32.AND UP2, UPT, UR16, UR7, UPT","0","0","0","896","28672","28672","32","32","0","0","0","-","-","-","0","0","0","0","0","0","0","0","-","0","0","0","0","0","0","0","0","0","0","0","0","0","0","0","0","0","0","0","0","0","0","0","0","0","0","0","0","0","0","0","0","0","0","0","0","0","0","0","0"
"0x7ffbbf4a3210","      I2FP.F32.U32 R3, UR42","0","0","0","896","28672","28672","32","32","0","0","0","-","-","-","0","0","0","0","0","0","0","0","-","0","0","0","0","0","0","0","0","0","0","0","0","0","0","0","0","0","0","0","0","0","0","0","0","0","0","0","0","0","0","0","0","0","0","0","0","0","0","0","0"
"0x7ffbbf4a3250","      FMUL R3, R3, UR28","0","0","0","896","28672","28672","32","32","0","0","0","-","-","-","0","0","0","0","0","0","0","0","-","0","0","0","0","0","0","0","0","0","0","0","0","0","0","0","0","0","0","0","0","0","0","0","0","0","0","0","0","0","0","0","0","0","0","0","0","0","0","0","0"
"0x7ffbbf4a32a0","      F2I.U32.TRUNC.NTZ R3, R3","0","0","0","896","28672","28672","32","32","0","0","0","-","-","-","0","0","0","0","0","0","0","0","-","0","0","0","0","0","0","0","0","0","0","0","0","0","0","0","0","0","0","0","0","0","0","0","0","0","0","0","0","0","0","0","0","0","0","0","0","0","0","0","0"
"0x7ffbbf4a3430","      PRMT R0, RZ, 0x7610, R0","0","0","0","896","28672","28672","32","32","0","0","0","-","-","-","0","0","0","0","0","0","0","0","-","0","0","0","0","0","0","0","0","0","0","0","0","0","0","0","0","0","0","0","0","0","0","0","0","0","0","0","0","0","0","0","0","0","0","0","0","0","0","0","0"
"0x7ffbbf4a3d70","      MOV R0, UR4","0","0","0","112","3584","3584","32","32","0","0","0","-","-","-","0","0","0","0","0","0","0","0","-","0","0","0","0","0","0","0","0","0","0","0","0","0","0","0","0","0","0","0","0","0","0","0","0","0","0","0","0","0","0","0","0","0","0","0","0","0","0","0","0"
"0x7ffbbf4a3dc0","      BRA.U.ANY UP0, 0x7ffbbf4b3950","0","0","0","896","28672","28672","32","32","0","0","0","-","-","-","0","0","0","0","0","0","0","0","-","0","0","0","0","0","0","0","0","0","0","0","0","0","0","0","0","0","0","0","0","0","0","0","0","0","0","0","0","0","0","0","0","0","0","0","0","0","0","0","0"
"0x7ffbbf4a3f20","      UCGABAR_WAIT","0","0","0","896","28672","28672","32","32","0","0","0","-","-","-","0","0","0","0","0","0","0","0","-","0","0","0","0","0","0","0","0","0","0","0","0","0","0","0","0","0","0","0","0","0","0","0","0","0","0","0","0","0","0","0","0","0","0","0","0","0","0","0","0"
"0x7ffbbf4a3f30","      CCTL.IVALL","0","0","0","896","28672","28672","32","32","0","0","0","-","-","-","0","0","0","0","0","0","0","0","-","0","0","0","0","0","0","0","0","0","0","0","0","0","0","0","0","0","0","0","0","0","0","0","0","0","0","0","0","0","0","0","0","0","0","0","0","0","0","0","0"
"0x7ffbbf4a3fb0","      HFMA2 R9, -RZ, RZ, 0, 5.9604644775390625e-08","0","0","0","112","3584","3584","32","32","0","0","0","-","-","-","0","0","0","0","0","0","0","0","-","0","0","0","0","0","0","0","0","0","0","0","0","0","0","0","0","0","0","0","0","0","0","0","0","0","0","0","0","0","0","0","0","0","0","0","0","0","0","0","0"
"0x7ffbbf4a3fd0","      CS2R R2, SRZ","0","0","0","112","3584","3584","32","32","0","0","0","-","-","-","0","0","0","0","0","0","0","0","-","0","0","0","0","0","0","0","0","0","0","0","0","0","0","0","0","0","0","0","0","0","0","0","0","0","0","0","0","0","0","0","0","0","0","0","0","0","0","0","0"
"0x7ffbbf4a4100","      UISETP.LT.U32.AND UP0, UPT, UR6, 0x7, UPT","0","0","0","112","3584","3584","32","32","0","0","0","-","-","-","0","0","0","0","0","0","0","0","-","0","0","0","0","0","0","0","0","0","0","0","0","0","0","0","0","0","0","0","0","0","0","0","0","0","0","0","0","0","0","0","0","0","0","0","0","0","0","0","0"
"0x7ffbbf4a4200","      UPRMT UR49, URZ, 0x5410, UR53","0","0","0","112","3584","3584","32","32","0","0","0","-","-","-","0","0","0","0","0","0","0","0","-","0","0","0","0","0","0","0","0","0","0","0","0","0","0","0","0","0","0","0","0","0","0","0","0","0","0","0","0","0","0","0","0","0","0","0","0","0","0","0","0"
"0x7ffbbf4a4320","      UISETP.GT.AND UP1, UPT, UR6, UR5, UPT","0","0","0","112","3584","3584","32","32","0","0","0","-","-","-","0","0","0","0","0","0","0","0","-","0","0","0","0","0","0","0","0","0","0","0","0","0","0","0","0","0","0","0","0","0","0","0","0","0","0","0","0","0","0","0","0","0","0","0","0","0","0","0","0"
"0x7ffbbf4a4340","      LEA R4, R10, UR43, 0x3","0","0","0","28","896","896","32","32","0","0","0","-","-","-","0","0","0","0","0","0","0","0","-","0","0","0","0","0","0","0","0","0","0","0","0","0","0","0","0","0","0","0","0","0","0","0","0","0","0","0","0","0","0","0","0","0","0","0","0","0","0","0","0"
"0x7ffbbf4a4360","      SYNCS.PHASECHK.TRANS64.TRYWAIT P0, [R4+URZ+0x110], R0","0","0","0","28","896","896","32","32","0","0","0","-","-","-","0","0","0","0","0","0","0","0","-","0","0","0","0","0","0","0","0","0","0","0","0","0","0","0","0","0","0","0","0","0","0","0","0","0","0","0","0","0","0","0","0","0","0","0","0","0","0","0","0"
"0x7ffbbf4a4380","      SYNCS.ARRIVE.TRANS64.A1T0 RZ, [R4+URZ+0x100], RZ","0","0","0","28","896","896","32","32","32","0","0","-","-","-","0","0","0","0","0","0","0","0","-","0","0","0","0","0","0","0","0","0","0","0","0","0","0","0","0","0","0","0","0","0","0","0","0","0","0","0","0","0","0","0","0","0","0","0","0","0","0","0","0"
"0x7ffbbf4a43b0","      SEL R0, RZ, 0x1, P0","0","0","0","28","896","896","32","32","0","0","0","-","-","-","0","0","0","0","0","0","0","0","-","0","0","0","0","0","0","0","0","0","0","0","0","0","0","0","0","0","0","0","0","0","0","0","0","0","0","0","0","0","0","0","0","0","0","0","0","0","0","0","0"
"0x7ffbbf4a4500","@P6   SYNCS.ARRIVE.TRANS64 RZ, [UR7], R4","0","0","0","784","25088","392","32","0","0","32","0","-","-","-","0","0","0","0","0","0","0","0","-","0","0","0","0","0","0","0","0","0","0","0","0","0","0","0","0","0","0","0","0","0","0","0","0","0","0","0","0","0","0","0","0","0","0","0","0","0","0","0","0"
"0x7ffbbf4a4720","      UTMALDG.3D.MULTICAST.2CTA desc[UR72], [UR32], [UR70], UR49","1","0","1","784","784","784","1","1","0","31","0","Global,Shared","-","-","0","0","0","0","0","0","0","0","-","0","0","0","0","0","0","0","0","0","0","0","0","0","0","0","0","0","0","1","0","0","0","0","0","0","0","0","0","0","0","0","0","0","0","0","0","0","0","0","0"
"0x7ffbbf4a4760","      UTMALDG.4D.MULTICAST.2CTA desc[UR72], [UR16], [UR66], UR49","0","0","0","784","784","784","1","1","0","31","0","Global,Shared","-","-","0","0","0","0","0","0","0","0","-","0","0","0","0","0","0","0","0","0","0","0","0","0","0","0","0","0","0","0","0","0","0","0","0","0","0","0","0","0","0","0","0","0","0","0","0","0","0","0","0"
"0x7ffbbf4a4970","      USHF.R.U64 UR32, UR11, 0x1, UR32","0","0","0","6384","6384","6384","1","1","0","31","0","-","-","-","0","0","0","0","0","0","0","0","-","0","0","0","0","0","0","0","0","0","0","0","0","0","0","0","0","0","0","0","0","0","0","0","0","0","0","0","0","0","0","0","0","0","0","0","0","0","0","0","0"
"0x7ffbbf4a4bf0","      LDS.128 R4, [R5+0x130]","0","0","0","112","3584","3584","32","32","32","0","0","Shared","Load","128","0","2","0","224","224","0","0","0","-","0","0","0","0","0","0","0","0","0","0","0","0","0","0","0","0","0","0","0","0","0","0","0","0","0","0","0","0","0","0","0","0","0","0","0","0","0","0","0","0"
"0x7ffbbf4a4c00","      MEMBAR.ALL.CTA","0","0","0","112","3584","3584","32","32","0","0","0","-","-","-","0","0","0","0","0","0","0","0","-","0","0","0","0","0","0","0","0","0","0","0","0","0","0","0","0","0","0","0","0","0","0","0","0","0","0","0","0","0","0","0","0","0","0","0","0","0","0","0","0"
"0x7ffbbf4a4ca0","      SYNCS.ARRIVE.TRANS64.RED.A1T0 RZ, [R0+URZ], RZ","0","0","0","112","3584","3584","32","32","0","0","0","-","-","-","0","0","0","0","0","0","0","0","-","0","0","0","0","0","0","0","0","0","0","0","0","0","0","0","0","0","0","0","0","0","0","0","0","0","0","0","0","0","0","0","0","0","0","0","0","0","0","0","0"
"0x7ffbbf4a5200","@!P0  NANOSLEEP.SYNCS 0x989680","0","0","0","460","14720","14240","32","30","2","2","0","-","-","-","0","0","0","0","0","0","0","0","-","0","0","0","0","0","0","0","0","0","0","0","0","0","0","0","0","0","0","0","0","0","0","0","0","0","0","0","0","0","0","0","0","0","0","0","0","0","0","0","0"
"0x7ffbbf4a5210","@!P0  SYNCS.PHASECHK.TRANS64 P0, [R0+URZ], R2","0","0","0","460","14720","14240","32","30","0","2","0","-","-","-","0","0","0","0","0","0","0","0","-","0","0","0","0","0","0","0","0","0","0","0","0","0","0","0","0","0","0","0","0","0","0","0","0","0","0","0","0","0","0","0","0","0","0","0","0","0","0","0","0"
"0x7ffbbf4a5220","@P0   EXIT","AST [UR4], [UR5]","0","0","0","28","896","896","32","32","28","0","0","-","-","-","0","0","0","0","0","0","0","0","-","0","0","0","0","0","0","0","0","0","0","0","0","0","0","0","0","0","0","0","0","0","0","0","0","0","0","0","0","0","0","0","0","0","0","0","0","0","0","0","0"
"0x7ffbbf4a54c0","      LDS R4, [R4+0x138]","0","0","0","28","896","896","32","32","32","0","0","Shared","Load","32","0","1","0","28","28","0","0","0","-","0","0","0","0","0","0","0","0","0","0","0","0","0","0","0","0","0","0","0","0","0","0","0","0","0","0","0","0","0","0","0","0","0","0","0","0","0","0","0","0"
"0x7ffbbf4a57a0","      LDCU.U8 UR17, c[0x0][0x1334]","0","0","0","112","3584","3584","32","32","0","0","0","-","-","-","0","0","0","0","0","0","0","0","-","0","0","0","0","0","0","0","0","0","0","0","0","0","0","0","0","0","0","0","0","0","0","0","0","0","0","0","0","0","0","0","0","0","0","0","0","0","0","0","0"
"0x7ffbbf4a57d0","      LDS.U8 R2, [UR7+0x1c]","0","0","0","112","3584","3584","32","32","0","0","0","Shared","Load","8","0","1","0","112","112","0","0","0","-","0","0","0","0","0","0","0","0","0","0","0","0","0","0","0","0","0","0","0","0","0","0","0","0","0","0","0","0","0","0","0","0","0","0","0","0","0","0","0","0"
"0x7ffbbf4a5860","      BSSY B0, 0x7ffbbf4a5aa0","0","0","0","56","1792","1792","32","32","0","0","0","-","-","-","0","0","0","0","0","0","0","0","-","0","0","0","0","0","0","0","0","0","0","0","0","0","0","0","0","0","0","0","0","0","0","0","0","0","0","0","0","0","0","0","0","0","0","0","0","0","0","0","0"
"0x7ffbbf4a5890","      DEPBAR.LE SB1, 0x36","0","0","0","56","56","56"0","0","0","460","14720","3584","32","7","23","25","0","-","-","-","0","0","0","0","0","0","0","0","-","0","0","0","0","0","0","0","0","0","0","0","0","0","0","0","0","0","0","0","0","0","0","0","0","0","0","0","0","0","0","0","0","0","0","0","0","0","0","0","0"
"0x7ffbbf4a5250","      UISETP.NE.OR UP0, UPT, UR21, 0x1, UP0","0","0","0","784","25088","25088","32","32","0","0","0","-","-","-","0","0","0","0","0","0","0","0","-","0","0","0","0","0","0","0","0","0","0","0","0","0","0","0","0","0","0","0","0","0","0","0","0","0","0","0","0","0","0","0","0","0","0","0","0","0","0","0","0"
"0x7ffbbf4a5280","      ISETP.GE.AND P3, PT, R10, UR17, PT","0","0","0","28","896","896","32","32","0","0","0","-","-","-","0","0","0","0","0","0","0","0","-","0","0","0","0","0","0","0","0","0","0","0","0","0","0","0","0","0","0","0","0","0","0","0","0","0","0","0","0","0","0","0","0","0","0","0","0","0","0","0","0"
"0x7ffbbf4a5410","@!P3  SYNCS.ARRIVE.TRANS64.RED RZ, [R3+URZ], R0","0","0","0","28","896","112","32","4","28","28","0","-","-","-","0","0","0","0","0","0","0","0","-","0","0","0","0","0","0","0","0","0","0","0","0","0","0","0","0","0","0","0","0","0","0","0","0","0","0","0","0","0","0","0","0","0","0","0","0","0","0","0","0"
"0x7ffbbf4a5420","      UGETNEXTWORKID.BROADC,"1","1","0","31","0","-","-","-","0","0","0","0","0","0","0","0","-","0","0","0","0","0","0","0","0","0","0","0","0","0","0","0","0","0","0","0","0","0","0","0","0","0","0","0","0","0","0","0","0","0","0","0","0","0","0","0","0"
"0x7ffbbf4a58a0","      UTCATOMSWS.2CTA.FIND_AND_SET.ALIGN UP0, UR4, UR4","0","0","0","56","56","56","1","1","0","31","0","-","-","-","0","0","0","0","0","0","0","0","-","0","0","0","0","0","0","0","0","0","0","0","0","0","0","0","0","0","0","0","0","0","0","0","0","0","0","0","0","0","0","0","0","0","0","0","0","0","0","0","0"
"0x7ffbbf4a58d0","      NANOSLEEP 0x64","0","0","0","0","0","0","0","0","1","32","0","-","-","-","0","0","0","0","0","0","0","0","-","0","0","0","0","0","0","0","0","0","0","0","0","0","0","0","0","0","0","0","0","0","0","0","0","0","0","0","0","0","0","0","0","0","0","0","0","0","0","0","0"
"0x7ffbbf4a5a40","      STS [UR43+0x150], R9","0","0","0","56","56","56","1","1","0","31","0","Shared","Store","32","0","1","0","56","56","0","0","0","-","0","0","0","0","0","0","0","0","0","0","0","0","0","0","0","0","0","0","0","0","0","0","0","0","0","0","0","0","0","0","0","0","0","0","0","0","0","0","0","0"
"0x7ffbbf4a5a50","      STAS [R4.64], R10","0","0","0","56","56","56","1","1","0","31","0","Global,Shared","Store","32","0","0","0","0","0","0","0","0","-","0","0","0","0","0","0","0","0","0","0","0","0","0","0","0","0","0","0","0","0","0","0","0","0","0","0","0","0","0","0","0","0","0","0","0","0","0","0","0","0"
"0x7ffbbf4a5a60","      ATOMS.OR RZ, [UR7+0x14], R8","0","0","0","56","56","56","1","1","0","31","0","Shared","Atomic","32","0","1","0","56","56","0","0","0","-","0","0","0","0","0","0","0","0","0","0","0","0","0","0","0","0","0","0","0","0","0","0","0","0","0","0","0","0","0","0","0","0","0","0","0","0","0","0","0","0"
"0x7ffbbf4a5a80","      ATOMS.XOR RZ, [UR7+0x10], R2","0","0","0","56","56","56","1","1","0","31","0","Shared","Atomic","32","0","1","0","56","56","0","0","0","-","0","0","0","0","0","0","0","0","0","0","0","0","0","0","0","0","0","0","0","0","0","0","0","0","0","0","0","0","0","0","0","0","0","0","0","0","0","0","0","0"
"0x7ffbbf4a5a90","      BSYNC B0","0","0","0","112","1792","1792","16","16","15","16","0","-","-","-","0","0","0","0","0","0","0","0","-","0","0","0","0","0","0","0","0","0","0","0","0","0","0","0","0","0","0","0","0","0","0","0","0","0","0","0","0","0","0","0","0","0","0","0","0","0","0","0","0"
"0x7ffbbf4a5ab0","      WARPSYNC.ALL","0","0","0","56","1792","1792","32","32","0","0","0","-","-","-","0","0","0","0","0","0","0","0","-","0","0","0","0","0","0","0","0","0","0","0","0","0","0","0","0","0","0","0","0","0","0","0","0","0","0","0","0","0","0","0","0","0","0","0","0","0","0","0","0"
"0x7ffbbf4a5c20","      CALL.REL.NOINC 0x7ffbbf4b6680","0","0","0","0","0","0","0","0","0","32","0","-","-","-","0","0","0","0","0","0","0","0","-","0","0","0","0","0","0","0","0","0","0","0","0","0","0","0","0","0","0","0","0","0","0","0","0","0","0","0","0","0","0","0","0","0","0","0","0","0","0","0","0"
"0x7ffbbf4a5c70","      BAR.ARV 0x6, 0xa0","0","0","0","112","3584","3584","32","32","0","0","0","-","-","-","0","0","0","0","0","0","0","0","-","0","0","0","0","0","0","0","0","0","0","0","0","0","0","0","0","0","0","0","0","0","0","0","0","0","0","0","0","0","0","0","0","0","0","0","0","0","0","0","0"
"0x7ffbbf4a5e70","      UISETP.LT.AND UP0, UPT, UR16, 0x1, UPT","0","0","0","112","3584","3584","32","32","0","0","0","-","-","-","0","0","0","0","0","0","0","0","-","0","0","0","0","0","0","0","0","0","0","0","0","0","0","0","0","0","0","0","0","0","0","0","0","0","0","0","0","0","0","0","0","0","0","0","0","0","0","0","0"
"0x7ffbbf4a6300","      UPLOP3.LUT UP2, UPT, UPT, UPT, UPT, 0x40, 0x4","0","0","0","56","1792","1792","32","32","0","0","0","-","-","-","0","0","0","0","0","0","0","0","-","0","0","0","0","0","0","0","0","0","0","0","0","0","0","0","0","0","0","0","0","0","0","0","0","0","0","0","0","0","0","0","0","0","0","0","0","0","0","0","0"
"0x7ffbbf4a6560","      UTCCP.T.S.2CTA.4x32dp128bit tmem[UR31+0x100], gdesc[UR64]","0","0","0","3584","114688","114688","32","32","0","0","0","TmemShared","Load,Store","-","0","0","0","0","0","0","0","0","-","0","0","0","0","0","0","0","0","0","0","0","0","0","0","0","0","0","0","0","0","0","0","0","0","0","0","0","0","0","0","0","0","0","0","0","0","0","0","0","0"
"0x7ffbbf4a6670","      UTCOMMA.2CTA.4X gdesc[UR52], gdesc[UR54], tmem[UR18], tmem[UR50], idesc[UR51], tmem, [UR10], UP2","0","0","0","3584","114688","114688","32","32","0","0","0","TmemShared","Load,Store","-","0","0","0","0","0","0","0","0","-","0","0","0","0","0","0","0","0","0","0","0","0","0","0","0","0","0","0","0","0","0","0","0","0","0","0","0","0","0","0","0","0","0","0","0","0","0","0","0","0"
"0x7ffbbf4a6710","      UTCBAR.2CTA.MULTICAST [UR27], URZ, UR20","1","1","1","3584","114688","114688","32","32","0","0","0","-","-","-","0","0","0","0","0","0","0","0","-","0","0","0","0","0","0","0","0","0","0","0","0","0","0","1","0","0","0","0","0","0","0","0","0","0","0","0","0","0","0","0","1","0","0","0","0","0","0","0","0"
"0x7ffbbf4a6880","      UVIRTCOUNT.DEALLOC.SMPOOL 0x80","0","0","0","112","3584","3584","32","32","0","0","0","-","-","-","0","0","0","0","0","0","0","0","-","0","0","0","0","0","0","0","0","0","0","0","0","0","0","0","0","0","0","0","0","0","0","0","0","0","0","0","0","0","0","0","0","0","0","0","0","0","0","0","0"
"0x7ffbbf4a68b0","@P0   STS.U8 [UR4+0x1c], R0","0","0","0","112","3584","112","32","1","31","31","0","Shared","Store","8","0","1","0","112","112","0","0","0","-","0","0","0","0","0","0","0","0","0","0","0","0","0","0","0","0","0","0","0","0","0","0","0","0","0","0","0","0","0","0","0","0","0","0","0","0","0","0","0","0"
"0x7ffbbf4a6be0","      VOTEU.ANY UR7, UPT, PT","0","0","0","112","3584","3584","32","32","0","0","0","-","-","-","0","0","0","0","0","0","0","0","-","0","0","0","0","0","0","0","0","0","0","0","0","0","0","0","0","0","0","0","0","0","0","0","0","0","0","0","0","0","0","0","0","0","0","0","0","0","0","0","0"
"0x7ffbbf4a6bf0","      UFLO.U32 UR7, UR7","0","0","0","112","3584","3584","32","32","0","0","0","-","-","-","0","0","0","0","0","0","0","0","-","0","0","0","0","0","0","0","0","0","0","0","0","0","0","0","0","0","0","0","0","0","0","0","0","0","0","0","0","0","0","0","0","0","0","0","0","0","0","0","0"
"0x7ffbbf4a6c10","      REDUX UR6, R0","0","0","0","112","3584","3584","32","32","0","0","0","-","-","-","0","0","0","0","0","0","0","0","-","0","0","0","0","0","0","0","0","0","0","0","0","0","0","0","0","0","0","0","0","0","0","0","0","0","0","0","0","0","0","0","0","0","0","0","0","0","0","0","0"
"0x7ffbbf4a6c20","      UTCATOMSWS.AND URZ, UR8","0","0","0","112","3584","3584","32","32","0","0","0","-","-","-","0","0","0","0","0","0","0","0","-","0","0","0","0","0","0","0","0","0","0","0","0","0","0","0","0","0","0","0","0","0","0","0","0","0","0","0","0","0","0","0","0","0","0","0","0","0","0","0","0"
"0x7ffbbf4a6c30","      ISETP.EQ.U32.AND P0, PT, R2, UR7, PT","0","0","0","112","3584","3584","32","32","0","0","0","-","-","-","0","0","0","0","0","0","0","0","-","0","0","0","0","0","0","0","0","0","0","0","0","0","0","0","0","0","0","0","0","0","0","0","0","0","0","0","0","0","0","0","0","0","0","0","0","0","0","0","0"
"0x7ffbbf4a6c70","@P0   ATOMS.AND RZ, [UR4+0x14], R2","0","0","0","112","3584","112","32","1","31","31","0","Shared","Atomic","32","0","1","0","112","112","0","0","0","-","0","0","0","0","0","0","0","0","0","0","0","0","0","0","0","0","0","0","0","0","0","0","0","0","0","0","0","0","0","0","0","0","0","0","0","0","0","0","0","0"
"0x7ffbbf4a70c0","      IMAD.IADD R42, R0, 0x1, R42","0","0","0","448","14336","14336","32","32","0","0","0","-","-","-","0","0","0","0","0","0","0","0","-","0","0","0","0","0","0","0","0","0","0","0","0","0","0","0","0","0","0","0","0","0","0","0","0","0","0","0","0","0","0","0","0","0","0","0","0","0","0","0","0"
"0x7ffbbf4a73f0","@P0   IMAD.WIDE R8, R0, 0x4, R8","0","0","0","0","0","0","0","0","0","32","0","-","-","-","0","0","0","0","0","0","0","0","-","0","0","0","0","0","0","0","0","0","0","0","0","0","0","0","0","0","0","0","0","0","0","0","0","0","0","0","0","0","0","0","0","0","0","0","0","0","0","0","0"
"0x7ffbbf4a7470","      FSEL R38, R43, RZ, !P1","0","0","0","448","14336","14336","32","32","0","0","0","-","-","-","0","0","0","0","0","0","0","0","-","0","0","0","0","0","0","0","0","0","0","0","0","0","0","0","0","0","0","0","0","0","0","0","0","0","0","0","0","0","0","0","0","0","0","0","0","0","0","0","0"
"0x7ffbbf4a7500","      VIMNMX R3, PT, PT, R6, R3, PT","0","0","0","0","0","0","0","0","0","32","0","-","-","-","0","0","0","0","0","0","0","0","-","0","0","0","0","0","0","0","0","0","0","0","0","0","0","0","0","0","0","0","0","0","0","0","0","0","0","0","0","0","0","0","0","0","0","0","0","0","0","0","0"
"0x7ffbbf4a7510","      LEA.HI.X.SX32 R9, R0, RZ, 0x1, P1","0","0","0","0","0","0","0","0","0","32","0","-","-","-","0","0","0","0","0","0","0","0","-","0","0","0","0","0","0","0","0","0","0","0","0","0","0","0","0","0","0","0","0","0","0","0","0","0","0","0","0","0","0","0","0","0","0","0","0","0","0","0","0"
"0x7ffbbf4a7530","      ISETP.LT.OR P6, PT, R6, 0x11, !P3","0","0","0","0","0","0","0","0","0","32","0","-","-","-","0","0","0","0","0","0","0","0","-","0","0","0","0","0","0","0","0","0","0","0","0","0","0","0","0","0","0","0","0","0","0","0","0","0","0","0","0","0","0","0","0","0","0","0","0","0","0","0","0"
"0x7ffbbf4a7540","      IMAD.WIDE.U32 R8, R44, UR36, R8","0","0","0","0","0","0","0","0","0","32","0","-","-","-","0","0","0","0","0","0","0","0","-","0","0","0","0","0","0","0","0","0","0","0","0","0","0","0","0","0","0","0","0","0","0","0","0","0","0","0","0","0","0","0","0","0","0","0","0","0","0","0","0"
"0x7ffbbf4a7570","      LEA.HI.X R3, R8, UR5, R9, 0x1, P1","0","0","0","0","0","0","0","0","0","32","0","-","-","-","0","0","0","0","0","0","0","0","-","0","0","0","0","0","0","0","0","0","0","0","0","0","0","0","0","0","0","0","0","0","0","0","0","0","0","0","0","0","0","0","0","0","0","0","0","0","0","0","0"
"0x7ffbbf4a75a0","@P4   LDG.E.U16 R7, desc[UR32][R2.64]","0","0","0","0","0","0","0","0","0","32","0","","","","0","0","0","0","0","0","0","0","","0","0","0","0","0","0","0","0","0","0","0","0","0","0","0","0","0","0","0","0","0","0","0","0","0","0","0","0","0","0","0","0","0","0","0","0","0","0","0","0"
"0x7ffbbf4a7620","      HADD2.F32 R0, -RZ, R2.H0_H0","0","0","0","0","0","0","0","0","0","32","0","-","-","-","0","0","0","0","0","0","0","0","-","0","0","0","0","0","0","0","0","0","0","0","0","0","0","0","0","0","0","0","0","0","0","0","0","0","0","0","0","0","0","0","0","0","0","0","0","0","0","0","0"
"0x7ffbbf4a7760","      LDTM.16dp256bit.x4 R12, tmem[UR4]","0","0","0","448","14336","14336","32","32","0","0","0","Tmem","Load","-","0","0","0","0","0","0","0","0","-","0","0","0","0","0","0","0","0","0","0","0","0","0","0","0","0","0","0","0","0","0","0","0","0","0","0","0","0","0","0","0","0","0","0","0","0","0","0","0","0"
"0x7ffbbf4a77d0","      FFMA2 R12, R41.F32, R12.F32x2.HI_LO, R0.F32","3","3","3","448","14336","14336","32","32","0","0","0","-","-","-","0","0","0","0","0","0","0","0","-","0","0","0","0","0","0","0","0","0","0","0","0","0","0","0","0","0","0","0","3","0","0","0","0","0","0","0","0","0","0","0","0","0","0","0","0","3","0","0","0"
"0x7ffbbf4a7800","      FMNMX.NAN R7, R12, UR6, !PT","0","0","0","448","14336","14336","32","32","0","0","0","-","-","-","0","0","0","0","0","0","0","0","-","0","0","0","0","0","0","0","0","0","0","0","0","0","0","0","0","0","0","0","0","0","0","0","0","0","0","0","0","0","0","0","0","0","0","0","0","0","0","0","0"
"0x7ffbbf4a78d0","      F2FP.F16.F32.PACK_AB R28, R28, R7","0","0","0","448","14336","14336","32","32","0","0","0","-","-","-","0","0","0","0","0","0","0","0","-","0","0","0","0","0","0","0","0","0","0","0","0","0","0","0","0","0","0","0","0","0","0","0","0","0","0","0","0","0","0","0","0","0","0","0","0","0","0","0","0"
"0x7ffbbf4a79c0","      STSM.16.MT88.4 [R54+0x400], R28","0","0","0","448","14336","14336","32","32","0","0","0","Shared","Store","128","0","4","0","1792","1792","0","0","0","-","0","0","0","0","0","0","0","0","0","0","0","0","0","0","0","0","0","0","0","0","0","0","0","0","0","0","0","0","0","0","0","0","0","0","0","0","0","0","0","0"
"0x7ffbbf4a81e0","      UTMASTG.3D [UR8], [UR66]","0","0","0","112","3584","3584","32","32","0","0","0","Global,Shared","-","-","0","0","0","0","0","0","0","0","-","0","0","0","0","0","0","0","0","0","0","0","0","0","0","0","0","0","0","0","0","0","0","0","0","0","0","0","0","0","0","0","0","0","0","0","0","0","0","0","0"
"0x7ffbbf4a8220","      UTMACMDFLUSH","0","0","0","112","3584","3584","32","32","0","0","0","-","-","-","0","0","0","0","0","0","0","0","-","0","0","0","0","0","0","0","0","0","0","0","0","0","0","0","0","0","0","0","0","0","0","0","0","0","0","0","0","0","0","0","0","0","0","0","0","0","0","0","0"
"0x7ffbbf4a9c50","@!P1  FSETP.EQ.AND P0, PT, RZ, UR21, PT","0","0","0","0","0","0","0","0","0","32","0","-","-","-","0","0","0","0","0","0","0","0","-","0","0","0","0","0","0","0","0","0","0","0","0","0","0","0","0","0","0","0","0","0","0","0","0","0","0","0","0","0","0","0","0","0","0","0","0","0","0","0","0"
"0x7ffbbf4ab3d0","      UP2UR UR52, UPR, URZ, 0x2","0","0","0","0","0","0","0","0","0","32","0","-","-","-","0","0","0","0","0","0","0","0","-","0","0","0","0","0","0","0","0","0","0","0","0","0","0","0","0","0","0","0","0","0","0","0","0","0","0","0","0","0","0","0","0","0","0","0","0","0","0","0","0"
"0x7ffbbf4aecb0","@UP4  UIMAD.WIDE UR8, UR4, 0x4, UR8","0","0","0","0","0","0","0","0","0","32","0","-","-","-","0","0","0","0","0","0","0","0","-","0","0","0","0","0","0","0","0","0","0","0","0","0","0","0","0","0","0","0","0","0","0","0","0","0","0","0","0","0","0","0","0","0","0","0","0","0","0","0","0"
"0x7ffbbf4aee30","      VOTEU.ALL UP0, P1","0","0","0","0","0","0","0","0","0","32","0","-","-","-","0","0","0","0","0","0","0","0","-","0","0","0","0","0","0","0","0","0","0","0","0","0","0","0","0","0","0","0","0","0","0","0","0","0","0","0","0","0","0","0","0","0","0","0","0","0","0","0","0"
"0x7ffbbf4aee50","@!P1  IMAD.X R0, RZ, RZ, R11, P0","0","0","0","0","0","0","0","0","0","32","0","-","-","-","0","0","0","0","0","0","0","0","-","0","0","0","0","0","0","0","0","0","0","0","0","0","0","0","0","0","0","0","0","0","0","0","0","0","0","0","0","0","0","0","0","0","0","0","0","0","0","0","0"
"0x7ffbbf4aef60","@!UP0 UTMALDG.3D desc[UR14], [UR24], [UR4]","0","0","0","0","0","0","0","0","0","32","0","","-","-","0","0","0","0","0","0","0","0","-","0","0","0","0","0","0","0","0","0","0","0","0","0","0","0","0","0","0","0","0","0","0","0","0","0","0","0","0","0","0","0","0","0","0","0","0","0","0","0","0"
"0x7ffbbf4aef90","@!P1  SYNCS.ARRIVE.TRANS64.RED.A0TR RZ, [UR31+0x60], R5","0","0","0","0","0","0","0","0","0","32","0","-","-","-","0","0","0","0","0","0","0","0","-","0","0","0","0","0","0","0","0","0","0","0","0","0","0","0","0","0","0","0","0","0","0","0","0","0","0","0","0","0","0","0","0","0","0","0","0","0","0","0","0"
"0x7ffbbf4b05a0","@!P0  LDSM.16.MT88.4 R56, [R7+0x400]","0","0","0","0","0","0","0","0","0","32","0","","","","0","0","0","0","0","0","0","0","-","0","0","0","0","0","0","0","0","0","0","0","0","0","0","0","0","0","0","0","0","0","0","0","0","0","0","0","0","0","0","0","0","0","0","0","0","0","0","0","0"
"0x7ffbbf4b3bb0","      UISETP.GE.OR UP0, UPT, UR27, UR48, UP0","0","0","0","0","0","0","0","0","0","32","0","-","-","-","0","0","0","0","0","0","0","0","-","0","0","0","0","0","0","0","0","0","0","0","0","0","0","0","0","0","0","0","0","0","0","0","0","0","0","0","0","0","0","0","0","0","0","0","0","0","0","0","0"
"0x7ffbbf4b6650","      BPT.TRAP 0x1","0","0","0","0","0","0","0","0","0","32","0","-","-","-","0","0","0","0","0","0","0","0","-","0","0","0","0","0","0","0","0","0","0","0","0","0","0","0","0","0","0","0","0","0","0","0","0","0","0","0","0","0","0","0","0","0","0","0","0","0","0","0","0"
"0x7ffbbf4b6670","      RET.REL.NODEC R2, 0x7ffbbf4a1b00","0","0","0","0","0","0","0","0","0","32","0","-","-","-","0","0","0","0","0","0","0","0","-","0","0","0","0","0","0","0","0","0","0","0","0","0","0","0","0","0","0","0","0","0","0","0","0","0","0","0","0","0","0","0","0","0","0","0","0","0","0","0","0"
